title,text
Corporate Websites,"Fast, professional websites for companies that need credibility, clear service pages, enquiries, and easy content updates."
E-commerce Platforms,"Product catalogues, checkout flows, inventory-friendly admin panels, and customer-facing stores built for growth."
Payment Integration,"Mpesa and card online checkout and payment flows for e-commerce, corporate platforms, and custom systems."
"QGIS & GIS Mapping","Spatial data cleanup, map creation, georeferencing, digitizing, basic analysis, and practical QGIS workflows for land, field, and operations data."
"AutoCAD Drafting","Clean technical drawings, layout updates, plan digitizing, and CAD drafting support for practical project documentation."
Agritech Systems,"Farmer portals, produce listings, logistics workflows, reporting dashboards, and field-friendly mobile experiences."
IT & Admin Systems,"Internal dashboards, support tools, network-aware systems, API integrations, and admin controls for non-technical teams."
"Networking, Equipment & CCTV","Network design, router and switch setup, Wi-Fi planning, IT equipment supply guidance, CCTV installation support, and maintenance for secure business operations."
"Data Analysis & Reports","Clean data analysis, spreadsheet modelling, Python-based insights, and professional reports that help teams understand performance and make better decisions."
